latitude,longitude,list_of_profile_keys,list_of_profiles,list_of_reference_keys,list_of_method_keys,timestamp_min,timestamp_max,num_measurements
63.0,-48.0,64,PARCA_6348_1998,7,4.0,1998-05-01,1998-05-01,16
63.1489,-44.8173,2830 / 2831,GC-Net_SDM_S1_core / GC-Net_SDM_S2_core,202,6.0,2024-05-24,2024-05-24,35
63.148904,-44.817395,2186 / 2771 / 2772 / 2208 / 2209,SDM_SDM (Core 1) / SDM_SDM (Core 2) / SDM_SDM (Pit) / GC-Net_SDM_2023_core / GC-Net_SDM_2023_snowpit,202,6.0,2021-06-17,2023-06-11,78
63.148911,-44.817398,2832,GC-Net_SDM_snowpit,202,6.0,2024-05-23,2024-05-23,17
63.149,-44.817001,65,PARCA_SDOMEA_1997,7,4.0,1997-05-01,1997-05-01,66
63.149,-44.817,2086,GC-Net_South Dome,202,6.0,2009-05-15,2013-05-21,23
63.8,-45.0,66,PARCA_6345_1998,7,4.0,1998-05-01,1998-05-01,16
64.6333,-43.666599,556,NA,18,6.0,1988-05-31,1988-05-31,16
64.7666,-44.1166,555,NA,18,6.0,1988-05-28,1988-05-28,20
64.849801,-43.346763,2020 / 2021,1D (3001) / 8D (3008),201,4.0,1981-01-01,1981-01-01,247
64.93288,-44.403215,2016,U3 (2003),201,4.0,1981-01-01,1981-01-01,128
64.981511,-45.973455,2017,U4 (2004),201,4.0,1981-01-01,1981-01-01,140
65.1,-44.869999,562,NA,20,4.0,1984-06-01,1984-06-01,270
65.183333,-43.833333,2506 / 2507 / 2508 / 2509 / 2510 / 2511 / 2512,Dye3-11B-1984 / Dye3-15B-1984 / Dye3-16C-1984 / Dye3-4B-1983 / Dye3-5B-1984 / Dye3-9B-1984 / Dye3-station1-1983,220,nan,1983-01-01,1983-01-01,0
65.246864,-44.591006,2019,U7 (2007),201,4.0,1981-01-01,1981-01-01,126
65.29296,-45.833734,2000,BPRC_1993,198,4.0,1993-01-01,1993-01-01,214
65.293002,-44.16584,2018,U6 (2006),201,4.0,1981-01-01,1981-01-01,106
65.387634,-46.327013,2014 / 2015,L2 (12.18) / L5 (15.12),201,4.0,1981-01-01,1981-01-01,388
65.387732,-46.326297,2013,L1 (1001),201,4.0,1981-01-01,1981-01-01,171
65.535919,-38.966667,2196,Nanok_PIT 01,202,6.0,2022-04-19,2022-04-19,6
65.69671,-41.48068,2489,ACT10A,5,4.0,2010-01-01,2010-01-01,48
65.77511,-41.86719,2490,ACT10B,5,4.0,2010-01-01,2010-01-01,51
65.996344,-44.511133,2205,Nanok_PIT 10,202,6.0,2022-05-11,2022-05-11,12
65.99927,-44.502369,672,NA,46,4.0,2015-05-16,2015-05-16,80
65.99934,-44.502335,670,NA,46,4.0,2015-05-16,2015-05-16,156
65.99934,-44.502029,656,NA,43,4.0,2015-05-16,2015-05-16,155
65.99934,-44.50192,2713 / 2723,2016_Saddle Pit 01 / 2016_Saddle AWS,202,6.0,2015-05-16,2016-05-06,15
65.9994,-44.50248,688 / 695,NA,46,4.0,2016-05-06,2017-05-08,404
65.9994,-44.50214,671,NA,46,4.0,2015-05-16,2015-05-16,21
65.99971,-42.78305,2491,ACT10C,5,4.0,2010-01-01,2010-01-01,50
65.99989,-44.50256,2044 / 2056 / 2146,GC-Net_Saddle (1999) / GC-Net_Saddle / 2016_Saddle,202,6.0,1999-04-16,2017-05-08,48
66.0,-44.500999,67,PARCA_NDYE3A&B_1997,7,4.0,1997-05-01,1997-05-01,42
66.000153,-44.502627,2210 / 2809,GC-Net_SDL_2023_core / GC-Net_SDL_2023_snowpit,202,6.0,2023-06-15,2023-06-15,59
66.000193,-44.502043,2835 / 2836,GC-Net_SDL_S1_core / GC-Net_SDL_snowpit,202,6.0,2024-05-24,2024-05-24,47
66.001,-44.501,2056,GC-Net_Saddle,202,6.0,1999-04-16,2013-05-22,51
66.027019,-45.126242,2204,Nanok_PIT 09,202,6.0,2022-05-09,2022-05-09,8
66.17926,-39.02047,2492,ACT11A2,5,4.0,2011-01-01,2011-01-01,10
66.1812,-39.0435,2497 / 2498,FA13A / FA14,5,4.0,2013-01-01,2014-01-01,291
66.1812,-39.043499,57,FA13B,4,4.0,2013-04-08,2013-04-08,170
66.18388,-39.07833,2493,ACT11A,5,4.0,2011-01-01,2011-01-01,25
66.21741,-39.56583,2494,ACT11B,5,4.0,2011-01-01,2011-01-01,60
66.29109,-40.7459,2495,ACT11C,5,4.0,2011-01-01,2011-01-01,60
66.323714,-45.741839,2203,Nanok_PIT 08,202,6.0,2022-05-06,2022-05-06,8
66.35294,-39.1348,959,NA,172,4.0,2016-08-01,2016-08-01,260
66.3548,-39.178799,956,NA,172,4.0,2015-08-02,2015-08-02,172
66.35798,-39.239101,958,NA,172,4.0,2016-07-28,2016-07-28,202
66.36036,-39.287399,957,NA,172,4.0,2016-07-16,2016-07-16,185
66.3622,-39.311901,955,NA,172,4.0,2015-04-12,2015-04-12,200
66.4726,-46.282983,2601 / 2150,DYE-2 / 2016_DYE-2 Firn Cover Station,236 / 202,4.0 / 6.0,1963-04-16,2016-05-02,387
66.4726,-46.282982,648 / 692 / 696 / 697,NA,43 / 46,4.0,2013-05-04,2017-05-12,694
66.477502,-42.492908,2826,GC-Net_NSE_snowpit,202,6.0,2024-05-21,2024-05-21,17
66.47752,-42.492827,2825,GC-Net_NSE_S1_core,202,6.0,2024-05-21,2024-05-21,30
66.477564,-42.493151,2207 / 2805,GC-Net_NSE_2023_core / GC-Net_NSE_2023_snowpit,202,6.0,2023-06-09,2023-06-09,48
66.47758,-46.28472,2222 / 2223,Dye 2 (Raven) Core A / Dye 2 (Raven) Core B,7,4.0,1998-05-12,1998-05-13,120
66.477585,-46.284718,647,NA,43,4.0,2013-05-04,2013-05-04,165
66.47768,-42.496349,687 / 694,NA,46,4.0,2016-05-04,2017-05-06,384
66.47769,-42.496445,669,NA,46,4.0,2015-05-12,2015-05-12,151
66.47769,-42.496189,668,NA,46,4.0,2015-05-12,2015-05-12,82
66.47771,-46.28606,673,NA,46,4.0,2015-05-20,2015-05-20,179
66.47784,-42.496571,667,NA,46,4.0,2015-05-12,2015-05-12,22
66.47785,-46.28564,2708,2016_DYE-2 upGPR,202,6.0,2017-05-12,2017-05-12,12
66.47786,-42.496387,666,NA,46,4.0,2015-05-12,2015-05-12,162
66.47787,-46.28674,1953,NA,194,4.0,2018-05-09,2018-05-09,159
66.47794,-42.49506,2045 / 2055 / 2145 / 2712 / 2721 / 2722 / 2072,GC-Net_NASA-SE (1999) / GC-Net_NASA-SE (2005) / 2016_NASA-SE / 2016_NASA-SE 02 / 2016_NASA-SE Stake 00 / 2016_NASA-SE Stake 01 / GC-Net_NASA-E,202,6.0,1999-04-21,2021-08-18,90
66.47799,-46.28674,1957,NA,194,4.0,2018-05-18,2018-05-18,49
66.47802,-46.2869,1956,NA,194,4.0,2018-05-18,2018-05-18,49
66.478035,-46.287125,1948,NA,194,4.0,2017-05-13,2017-05-13,202
66.478045,-46.288701,1958,NA,194,4.0,2019-05-19,2019-05-19,133
66.47807,-46.2872,1954,NA,194,4.0,2018-05-18,2018-05-18,45
66.47807,-46.28716,1955,NA,194,4.0,2018-05-18,2018-05-18,47
66.479,-42.5,2073,GC-Net_NASA-SE,202,6.0,1999-04-21,2013-05-22,52
66.479422,-46.309558,2496,ACT11D,5,4.0,2011-01-01,2011-01-01,59
66.481,-46.28,2075 / 2601,GC-Net_DYE-2 / DYE-2,202,6.0,2009-05-16,2019-05-18,36
66.481,-42.28,2075,GC-Net_DYE-2,202,6.0,2008-05-03,2008-05-03,10
66.48197,-46.29078,2040 / 2637 / 2638 / 2639 / 2043 / 2049 / 2053 / 2138 / 2139 / 2140 / 2141 / 2142 / 2143 / 2144 / 2704 / 2715 / 2716 / 2717 / 2718 / 2719 / 2720,GC-Net_DYE-2 North / GC-Net_DYE-2 East / GC-Net_DYE-2 South / GC-Net_DYE-2 West / GC-Net_DYE-2 (1999) / GC-Net_DYE-2 / GC-Net_DYE-2 (2005) / 2016_DYE-2 Pit 01 / 2016_DYE-2 Pit 02 / 2016_DYE-2 Pit 03 / 2016_DYE-2 Pit North / 2016_DYE-2 Pit South / 2016_DYE-2 Pit West / 2016_DYE-2 Pit East / 2016_DYE-2 Pit North 2 / 2016_DYE-2 Stake 00 / 2016_DYE-2 Stake 01 / 2016_DYE-2 Stake 02 / 2016_DYE-2 Stake 03 / 2016_DYE-2 Stake 04 / 2016_DYE-2 Firn Core,202,6.0,1997-04-28,2017-04-28,228
66.482,-46.291,2192 / 2786 / 2211 / 2212,GC-Net_DYE-2 (Therm Core) / GC-Net_DYE-2 (Snow Pit) / GC-Net_DY2_2023_core / GC-Net_DY2_2023_snowpit,202,6.0,2022-06-15,2023-06-14,139
66.482707,-46.293588,2827 / 2828 / 2829,GC-Net_DY2_S1_core / GC-Net_DY2_S2_core / GC-Net_DY2_snowpit,202,6.0,2024-05-20,2024-05-27,90
66.49835,-49.6816,2185 / 2768 / 2769,NSE_NSE (Core 1) / NSE_NSE (Core 2) / NSE_NSE (Pit),202,6.0,2021-06-19,2021-06-19,25
66.5,-42.5,68,PARCA_6642B_1998,7,4.0,1998-05-01,1998-05-01,27
66.526713,-46.947493,1964,NA,194,4.0,2019-05-21,2019-05-21,169
66.527397,-46.886639,1945,NA,194,4.0,2017-05-14,2017-05-14,145
66.535118,-45.959187,1949,NA,194,4.0,2017-05-16,2017-05-16,152
66.54686,-47.0239,1965 / 1967,NA,194,4.0,2019-05-26,2019-05-28,211
66.553826,-47.067409,1966,NA,194,4.0,2019-05-27,2019-05-27,127
66.560024,-47.105702,1968,NA,194,4.0,2019-05-23,2019-05-23,124
66.5833,-45.5,552,NA,18,6.0,1988-05-16,1988-05-16,10
66.63205,-46.89497,657 / 664,NA,43 / 45,4.0,2015-05-20,2017-05-12,156
66.641844,-47.050603,2202,Nanok_PIT 07,202,6.0,2022-05-01,2022-05-01,4
66.704456,-47.3623,2201,Nanok_PIT 06,202,6.0,2022-04-30,2022-04-30,8
66.840986,-48.002694,2200,Nanok_PIT 05,202,6.0,2022-04-27,2022-04-27,3
66.864952,-46.265141,1946 / 1947,NA,194,4.0,2017-04-28,2017-05-01,215
66.87,-46.26,2331,Site J,206,4.0,1989-06-01,1989-06-01,635
66.947653,-48.490583,2199,Nanok_PIT 04,202,6.0,2022-04-25,2022-04-25,8
66.95,-44.483299,553,NA,18,6.0,1988-05-20,1988-05-20,21
66.97644,-44.39411,2735,2016_EKT South,202,6.0,2016-05-02,2016-05-02,89
66.97795,-46.628502,645,NA,43,4.0,2013-04-30,2013-04-30,153
66.978094,-46.628066,1960,NA,194,4.0,2019-05-07,2019-05-07,174
66.982185,-46.11945,646,NA,43,4.0,2013-05-04,2013-05-04,156
66.98269,-45.04649,1952,NA,194,4.0,2018-05-19,2018-05-19,95
66.982869,-46.119594,1961,NA,194,4.0,2019-05-03,2019-05-03,130
66.983215,-45.044899,650,NA,43,4.0,2013-05-12,2013-05-12,151
66.98418,-45.753159,1904 / 1905,NA,187,1.0 / 4.0,2016-05-04,2016-05-04,143
66.984442,-45.754426,1963,NA,194,4.0,2019-05-09,2019-05-09,124
66.98458,-45.75465,649,NA,43,4.0,2013-05-16,2013-05-16,156
66.984802,-45.754233,1962,NA,194,4.0,2019-05-06,2019-05-06,85
66.98528,-44.3936,651 / 693,NA,43 / 46,4.0,2013-05-20,2017-05-02,393
66.9854,-44.41744,2147,2016_EKT Pit 05,202,6.0,2016-05-02,2016-05-02,9
66.9854,-44.39414,2725,2016_EKT Pit 01,202,6.0,2016-05-02,2016-05-02,8
66.985405,-44.395081,1950,NA,194,4.0,2017-05-08,2017-05-08,174
66.985435,-44.39465,686,NA,46,4.0,2016-05-02,2016-05-02,179
66.98605,-47.23809,2607,FS2_12m,238,4.0,2021-04-28,2021-04-28,54
66.99,-44.39,2705,2016_EKT,202,6.0,2016-05-03,2016-05-03,19
66.991331,-48.703147,2198,Nanok_PIT 03,202,6.0,2022-04-24,2022-04-24,8
66.99138,-47.02451,2728,2016_KANU Pit 04,202,6.0,2016-04-27,2016-04-27,8
66.99147,-47.02438,2740,2016_KANU Pit 05 - 2015,202,6.0,2015-05-04,2015-05-04,7
66.99411,-44.385387,665,NA,46,4.0,2015-05-08,2015-05-08,144
66.9944,-44.3938,2734,2016_EKT North,202,6.0,2016-05-02,2016-05-02,89
66.99825,-47.020832,654,NA,43,4.0,2012-05-01,2012-05-01,107
66.99837,-47.022133,644,NA,43,4.0,2013-04-28,2013-04-28,143
66.999971,-47.029809,1959,NA,194,4.0,2019-05-10,2019-05-10,41
67.00008,-47.04796,2149,2016_KANU Pit 05,202,6.0,2016-04-27,2016-04-27,8
67.00017,-47.04782,2152,2016_KANU Pit 04 - 2015,202,6.0,2015-05-04,2015-05-04,8
67.00025,-47.02492,2736,2016_KANU Pit 01 - 2015,202,6.0,2015-05-04,2015-05-04,7
67.00025,-47.022639,2711 / 2724,2016_KANU BV / 2016_KANU Core 01,202,6.0,2015-05-04,2016-04-27,80
67.00025,-47.022633,643 / 663,NA,43 / 45,4.0,2013-04-28,2017-04-28,381
67.00025,-47.021381,653,NA,43,4.0,2012-05-01,2012-05-01,147
67.00025,-47.021301,652,NA,43,4.0,2012-05-01,2012-05-01,106
67.00038,-47.02615,662 / 685,NA,45 / 46,4.0,2016-04-26,2016-04-28,238
67.00042,-47.024715,655,NA,43,4.0,2015-05-04,2015-05-04,136
67.00043,-47.02871,1951,NA,194,4.0,2018-04-29,2018-04-29,24
67.00063,-47.00209,2148,2016_KANU Pit 03,202,6.0,2016-04-27,2016-04-27,17
67.00063,-47.00207,2151,2016_KANU Pit 03 - 2015,202,6.0,2015-05-04,2015-05-04,7
67.000741,-47.034348,2206 / 2803,GC-Net_KAN_U_2023_core / GC-Net_KAN_U_2023_snowpit,202,6.0,2023-06-08,2023-06-08,62
67.000781,-47.035323,2837,GC-Net_KAN_U_snowpit,202,6.0,2024-05-27,2024-05-27,12
67.00932,-47.02588,2737,2016_KANU Pit 02 - 2015,202,6.0,2015-05-04,2015-05-04,8
67.00934,-47.02593,2710,2016_KANU Pit 02,202,6.0,2016-04-27,2016-04-27,8
67.01022,-46.46523,2605,FS5_20m,238,4.0,2021-05-04,2021-05-04,236
67.01028,-46.46527,2606,FS5_5m,238,4.0,2021-05-04,2021-05-04,46
67.01054,-46.81676,2603,FS4_20m,238,4.0,2021-04-21,2021-04-21,183
67.01057,-46.81684,2604,FS4_5m,238,4.0,2021-04-22,2021-04-22,48
67.0454,-49.035301,848,NA,164,4.0,2016-07-08,2016-07-08,7
67.046,-49.033901,847,NA,164,4.0,2016-07-08,2016-07-08,10
67.0465,-49.032501,846,NA,164,4.0,2016-07-08,2016-07-08,8
67.0469,-49.030899,845,NA,164,4.0,2016-07-08,2016-07-08,6
67.0473,-49.029301,844,NA,164,4.0,2016-07-08,2016-07-08,8
67.0477,-49.027699,843,NA,164,4.0,2016-07-08,2016-07-08,10
67.0481,-49.026199,842,NA,164,4.0,2016-07-08,2016-07-08,7
67.0485,-49.024601,841,NA,164,4.0,2016-07-08,2016-07-08,8
67.0489,-49.023102,840,NA,164,4.0,2016-07-08,2016-07-08,8
67.0494,-49.021599,839,NA,164,4.0,2016-07-08,2016-07-08,9
67.097733,-49.3242,2197,Nanok_PIT 02,202,6.0,2022-04-22,2022-04-22,3
67.19,-36.47,2608 / 2609,SE-Dome II (bulk) / SE-Dome II (X-ray),239,4.0 / 10.0,2021-06-01,2021-06-01,251338
67.2,-43.799999,554,NA,18,6.0,1988-05-20,1988-05-20,11
67.4994,-44.999489,1906 / 1907,NA,187,1.0 / 4.0,2016-05-12,2016-05-12,123
67.5,-45.0,69,PARCA_6745_1998,7,4.0,1998-05-01,1998-05-01,14
67.83056,-45.093613,1908 / 1909,NA,187,1.0 / 4.0,2016-05-16,2016-05-16,106
68.0,-41.0,70,PARCA_6841_1998,7,4.0,1998-05-01,1998-05-01,13
68.41889,-44.911388,1910 / 1911,NA,187,1.0 / 4.0,2016-05-20,2016-05-20,110
68.5,-39.5,71,PARCA_6839_1998,7,4.0,1998-05-01,1998-05-01,12
68.892,-43.502499,1939,NA,192,4.0,2015-05-01,2015-05-01,1830
68.99949,-44.999722,1912 / 1913,NA,187,1.0 / 4.0,2016-05-24,2016-05-24,112
69.0,-45.0,72,PARCA_6945_1998,7,4.0,1998-05-01,1998-05-01,26
69.0,-38.0,73,PARCA_6938_1998,7,4.0,1998-05-01,1998-05-01,14
69.2,-43.0,74,PARCA_6943_1998,7,4.0,1998-05-01,1998-05-01,21
69.4,-41.0,75,PARCA_6941_1998,7,4.0,1998-05-01,1998-05-01,14
69.49333,-49.71417,2041,GC-Net_JAR Pit,202,6.0,1997-05-20,1997-05-20,9
69.4984,-49.6816,2077,GC-Net_JAR1 profile 01,202,6.0,2008-05-08,2008-05-08,7
69.5,-34.5,76,PARCA_STUNUA_1997,7,4.0,1997-05-01,1997-05-01,62
69.5552,-49.36525,2178 / 2760 / 2179 / 2180,SwissCamp_Swiss Camp PIT 01 / SwissCamp_Swiss Camp PIT 02 / SwissCamp_Swiss Camp PIT 03 / SwissCamp_Swiss Camp PIT 04,202,6.0,2011-05-10,2018-05-07,69
69.55556,-49.36472,2042 / 2642 / 2050 / 2052 / 2054,GC-Net_Swiss Camp (Profile 01) / GC-Net_Swiss Camp (Profile 02) / GC-Net_Swiss Camp / GC-Net_Swiss Camp (2002) / GC-Net_Swiss Camp (2005),202,6.0,1997-05-21,2003-05-05,51
69.569,-49.3131,2050,GC-Net_Swiss Camp,202,6.0,1999-04-03,2013-05-19,50
69.571945,-45.345833,1914 / 1915,NA,187,1.0 / 4.0,2016-05-28,2016-05-28,96
69.57369,-49.295555,444 / 445 / 446 / 447 / 448 / 449 / 450 / 451 / 452 / 453 / 454 / 455 / 456 / 457 / 458 / 459 / 460 / 461 / 462 / 463 / 464 / 465 / 466 / 467 / 468 / 469 / 470 / 471 / 472 / 473 / 474 / 475 / 476 / 477 / 478 / 479 / 480 / 481 / 482 / 483 / 484 / 485 / 486 / 487 / 488 / 489 / 490 / 491 / 492 / 493 / 494 / 495 / 496 / 497 / 498 / 499 / 500 / 501 / 502 / 503 / 504 / 505 / 506 / 507 / 508 / 509 / 510 / 511 / 512 / 513 / 514 / 515 / 516 / 517 / 518 / 519 / 520 / 521 / 522 / 523 / 524 / 525 / 526 / 527 / 528 / 529 / 530 / 531 / 532 / 533 / 534 / 535 / 536 / 537 / 538 / 539 / 540 / 541 / 542 / 543 / 544,NA,15 / 16,7.0,1990-06-02,1991-07-30,101
69.6,-39.0,77,PARCA_6939_1998,7,4.0,1998-05-01,1998-05-01,13
69.64372,-48.815941,701,NA,47,4.0,2009-05-16,2009-05-16,31
69.66019,-48.689449,702,NA,47,4.0,2008-05-08,2008-05-08,29
69.662,-52.733002,1936,NA,189,4.0,2015-05-01,2015-05-01,576
69.673935,-48.591118,703,NA,47,4.0,2008-05-28,2008-05-28,33
69.68743,-48.499668,704,NA,47,4.0,2008-05-18,2008-05-18,44
69.7,-48.266666,925,Camp_VI_1959,168,4.0,1959-05-18,1959-05-18,19
69.70617,-48.344967,706,NA,47,4.0,2008-05-20,2008-05-20,37
69.71978,-48.267399,707,NA,47,4.0,2008-05-20,2008-05-20,48
69.72505,-48.190201,705,NA,47,4.0,2008-05-22,2008-05-22,41
69.731,-48.132999,1895,NA,185,4.0,2016-10-28,2016-10-28,10
69.73167,-48.049999,327,NA,13,8.0,1955-08-20,1955-08-20,50
69.738014,-48.060966,709 / 710,NA,47,4.0,2007-06-28,2008-05-24,73
69.73908,-48.240299,708,NA,47,4.0,2008-05-28,2008-05-28,44
69.753783,-47.912117,2597,2019-T2minus-32m,235,4.0,2019-05-19,2019-05-19,175
69.756917,-47.880283,2598,2019-T2-32m,235,4.0,2019-05-19,2019-05-19,175
69.756935,-47.880283,711,NA,47,4.0,2007-06-28,2007-06-28,29
69.7804,-47.677233,2591,2022-T3-25m,234,4.0,2022-06-01,2022-06-01,173
69.780517,-47.676983,2590,2022-T3-15m,234,4.0,2022-06-02,2022-06-02,121
69.7807,-47.676717,2593,2022-T3-7m,234,4.0,2022-06-05,2022-06-05,52
69.7817,-47.668367,2599,2019-T3-32m,235,4.0,2019-05-19,2019-05-19,175
69.783083,-47.668167,2592,2022-T3-6m,234,4.0,2022-05-30,2022-05-30,44
69.7836,-47.670181,712,NA,47,4.0,2007-07-08,2007-07-08,33
69.79322,-47.607807,715,NA,47,4.0,2007-07-04,2007-07-04,33
69.80094,-47.56789,713,NA,47,4.0,2007-07-04,2007-07-04,31
69.80167,-47.666672,326,NA,13,8.0,1955-08-20,1955-08-20,54
69.80586,-47.542416,714,NA,47,4.0,2007-07-04,2007-07-04,34
69.811,-47.509998,1896,NA,185,4.0,2016-10-28,2016-10-28,45
69.819612,-47.453294,2860,2023-T4-10m,253,4.0,2023-06-07,2023-06-07,71
69.819984,-47.4505,716,NA,47,4.0,2007-07-08,2007-07-08,36
69.82005,-47.45045,2600,2019-T4-32m,235,4.0,2019-05-28,2019-05-28,166
69.820067,-47.450917,2594,2022-T4-25m,234,4.0,2022-06-07,2022-06-07,176
69.82361,-47.4325,2001,Carrefour 1967,199,nan,1967-07-01,1967-07-01,0
69.847934,-47.273527,2861,2023-T5-25m,253,4.0,2023-05-29,2023-05-29,160
69.848015,-47.273582,717,NA,47,4.0,2007-07-08,2007-07-08,35
69.848067,-47.274017,2596,2018-T5-30m,235,4.0,2018-05-27,2018-05-27,130
69.851,-47.252998,1897,NA,185,4.0,2016-10-28,2016-10-28,49
69.851,-47.25,2275 / 2316,T05_2006_Aug / T05,204 / 205,5.0 / 4.0,1990-01-01,2006-08-13,910
69.852,-47.255001,1898,NA,186,4.0,2017-03-30,2017-03-30,25
69.87,-47.299999,324 / 325,NA,13,8.0 / 4.0,1955-08-18,1955-08-18,92
69.87138,-47.043345,2833 / 2834,GC-Net_CP1_core / GC-Net_CP1_snowpit,202,6.0,2024-05-25,2024-05-25,43
69.872248,-47.037875,2191 / 2783 / 2784 / 2214 / 2215,GC-Net_CP1 (Mast Core) / GC-Net_CP1 (Therm Core) / GC-Net_CP1 (Snow Pit) / GC-Net_CP1_2023_core / GC-Net_CP1_2023_snowpit,202,6.0,2022-06-15,2023-06-19,124
69.87417,-47.02417,2730 / 2155,2016_Crawford Point 01 / 2016_Crawford Point,202,6.0,2015-05-26,2017-05-17,28
69.87548,-47.00666,2858,2023-CP-11m,253,4.0,2023-06-09,2023-06-09,62
69.875539,-47.006423,2859,2023-CP-25m,253,4.0,2023-05-26,2023-05-26,149
69.87614,-47.03092,2709,2016_Crawford Pit 01,202,6.0,2016-05-17,2016-05-17,14
69.87615,-47.03112,691 / 698,NA,46,4.0,2016-05-16,2017-05-16,405
69.8765,-47.028919,674,NA,46,4.0,2015-05-26,2015-05-26,162
69.8765,-47.010201,718 / 719 / 720 / 721 / 722,NA,47,4.0,2007-07-01,2007-07-10,173
69.87651,-47.028759,676,NA,46,4.0,2015-05-26,2015-05-26,81
69.87663,-47.028801,675,NA,46,4.0,2015-05-26,2015-05-26,20
69.87675,-47.010867,2595,2018-CP-30m,235,4.0,2018-05-21,2018-05-21,130
69.8783,-46.9967,2076,GC-Net_CP1,202,6.0,2008-05-05,2008-05-05,13
69.87833,-46.9967,2181 / 2765 / 2766,CP1_CP1 (Core 1) / CP1_CP1 (Core 2) / CP1_CP1 (Pit),202,6.0,2021-06-17,2021-06-17,21
69.88,-46.9842,2095,GC-Net_Crawford Point,202,6.0,2010-05-09,2010-05-09,10
69.9,-47.0,2243,CP_2007,203,4.0,2007-01-01,2007-01-01,242
69.913333,-46.854722,2039,GC-Net_CP2,202,6.0,1997-05-11,1997-05-11,17
69.91667,-46.933331,322 / 323,NA,13,8.0 / 4.0,1955-08-16,1955-08-16,98
69.939206,-46.564819,34,NA,253,4.0,2023-06-04,2023-06-04,158
69.97667,-46.5,320 / 321,NA,13,4.0 / 8.0,1955-08-16,1955-08-16,101
70.02,-46.31,2276 / 2317,T09_2006_Aug / T09,204 / 205,5.0 / 4.0,1990-01-01,2006-08-12,824
70.02,-46.306,1899,NA,186,4.0,2017-03-30,2017-03-30,11
70.04,-46.133331,318 / 319,NA,13,8.0 / 4.0,1955-08-16,1955-08-16,96
70.105,-45.73333,316 / 317,NA,13,8.0 / 4.0,1955-08-14,1955-08-14,99
70.175,-45.366669,314 / 315,NA,13,8.0 / 4.0,1955-08-12,1955-08-12,102
70.176,-45.345001,1900,NA,186,4.0,2017-03-30,2017-03-30,13
70.176,-45.34,2259 / 2265 / 2282,T12_2006_May / T12_2006_Aug / T12_2004_Apr,204,5.0,2004-04-23,2006-08-10,2587
70.2333,-45.01667,2318,T13,205,4.0,1990-01-01,1990-01-01,30
70.25,-44.966671,312 / 313,NA,13,8.0 / 4.0,1955-08-12,1955-08-12,97
70.3,-44.549999,310 / 311,NA,13,8.0 / 4.0,1955-08-12,1955-08-12,103
70.3025,-44.564445,1916 / 1917,NA,187,1.0 / 4.0,2016-06-02,2016-06-02,66
70.303,-44.57,2002 / 2260 / 2266 / 2283,T15 1959 / T15_2006_May / T15_2006_Aug / T15_2004_Apr,168 / 204,nan / 5.0,1959-06-02,2006-08-09,3232
70.3666,-44.1,2319,T17,205,4.0,1990-01-01,1990-01-01,30
70.46167,-43.583328,308 / 309,NA,13,8.0 / 4.0,1955-08-08,1955-08-08,89
70.4698,-43.563499,1901,NA,186,4.0,2017-03-30,2017-03-30,6
70.47,-43.56,2261 / 2267 / 2284,T19_2006_May / T19_2006_Aug / T19_2004_Apr,204,5.0,2004-04-30,2006-08-08,3390
70.544,-43.02,2255 / 2268 / 2277 / 2285 / 2292 / 2293 / 2294 / 2304 / 2305 / 2320,T21_2004_Sep / T21_2006_Aug / T21_2006_Aug_a / T21_2004_May / T21_2004_May_a / T21_2011_Aug / T21_2011_Jul / T21_2010_Jul / T21_2010_Jun / T21,204 / 205,5.0 / 4.0,1990-01-01,2011-08-01,14327
70.55949,-46.730579,1918 / 1919,NA,188,1.0 / 4.0,2017-05-12,2017-05-12,75
70.625,-42.58,2269 / 2286 / 2295 / 2306,T23_2006_Aug / T23_2004_May / T23_2011_Jul / T23_2010_Jun,204,5.0,2004-05-14,2011-07-30,2313
70.63,-42.616669,306 / 307,NA,13,8.0 / 4.0,1955-08-06,1955-08-06,93
70.634911,-35.82,2562,Site A (Crete),228,nan,1988-01-01,1988-01-01,0
70.6398,-35.617806,2565,Site D,228,nan,1988-01-01,1988-01-01,0
70.659011,-35.478806,2563,Site B,228,nan,1988-01-01,1988-01-01,0
70.677,-35.787,2564,Site C,228,nan,1988-01-01,1988-01-01,0
70.75,-35.958333,2561,Site A,227,nan,1987-01-01,1987-01-01,0
70.775,-41.633331,304 / 305,NA,13,8.0 / 4.0,1955-08-02,1955-08-02,94
70.775,-41.54,2270 / 2287 / 2296 / 2307 / 2321,T27_2006_Aug / T27_2004_May / T27_2011_Jul / T27_2010_Jun / T27,204 / 205,5.0 / 4.0,1990-01-01,2011-07-28,2799
70.85,-40.5,1902,NA,186,4.0,2017-03-30,2017-03-30,8
70.8651,-35.838131,2569,Site H,228,nan,1988-01-01,1988-01-01,0
70.90667,-40.633331,302 / 303,NA,13,8.0 / 4.0,1955-07-22,1955-07-24,77
70.909,-40.64,2256 / 2262 / 2271 / 2288 / 2297 / 2308 / 2322,T31_2004_Sep / T31_2006_May / T31_2006_Aug / T31_2004_May / T31_2011_Jul / T31_2010_Jun / T31,204 / 205,5.0 / 4.0,1990-01-01,2011-07-27,4071
70.909,-40.639999,926,T31_1959,168,4.0,1959-06-12,1959-06-12,37
70.976,-39.55,2257 / 2263 / 2272 / 2289 / 2298 / 2309,T35_2004_Sep / T35_2006_May / T35_2006_Jul / T35_2004_May / T35_2011_Jul / T35_2010_Jun,204,5.0,2004-05-20,2011-07-26,3459
71.0,-39.666672,300 / 301,NA,13,8.0 / 4.0,1955-07-20,1955-07-20,105
71.04297,-47.22385,1920 / 1921,NA,188,1.0 / 4.0,2017-05-16,2017-05-16,84
71.043,-38.46,2273 / 2290 / 2299 / 2310,T39_2006_Jul / T39_2004_May / T39_2011_Jul / T39_2010_Jun,204,5.0,2004-05-22,2011-07-24,2608
71.05,-47.23,78 / 79,PARCA_7147_1997 / NA,7,4.0 / 6.0,1997-01-01,1997-05-01,25
71.079,-37.92,2244 / 2245 / 2246 / 2247 / 2248 / 2249 / 2250 / 2251 / 2252 / 2253 / 2254 / 2258 / 2264 / 2274 / 2278 / 2279 / 2280 / 2281 / 2291 / 2300 / 2301 / 2302 / 2303 / 2311 / 2312 / 2313 / 2314 / 2315 / 2323,T41_2004_May / T41_2004_May_a / T41_2004_May_b / T41_2004_Jun / T41_2006_May / T41_2006_May_a / T41_2006_May_b / T41_2006_Jun / T41_2004_Aug / T41_2004_Aug_a / T41_2004_Aug_b / T41_2004_Aug_c / T41_2006_May_c / T41_2006_Jul / T41_2006_Jul_a / T41_2006_Jul_b / T41_2006_Jul_c / T41_2006_Jul_d / T41_2004_May_c / T41_2011_Jul / T41_2011_Jul_a / T41_2011_Jul_b / T41_2011_Jul_c / T41_2010_Jun / T41_2010_Jun_a / T41_2010_Jun_b / T41_2010_Jun_c / T41_2010_Jun_d / T41,204 / 205,5.0 / 4.0,1990-01-01,2011-07-23,22607
71.079,-37.919998,1903,NA,186,4.0,2017-03-30,2017-03-30,7
71.08333,-38.966671,298 / 299,NA,13,8.0 / 4.0,1955-07-18,1955-07-18,98
71.116667,-37.316667,2324 / 2325,T43,205,4.0,1990-01-01,1990-01-01,50
71.11667,-37.316666,927,T43_1959,168,4.0,1959-06-22,1959-06-22,18
71.15495,-35.837731,2568,Site G,228,nan,1988-01-01,1988-01-01,0
71.183,-39.9333,2336 / 2337 / 2338 / 2339 / 2332 / 2341 / 2342 / 2343 / 2344 / 2345 / 2333 / 2334 / 2335 / 2340 / 2346 / 2347 / 2366 / 2369 / 2370 / 2348 / 2349 / 2350 / 2351 / 2352 / 2354 / 2367 / 2371 / 2373 / 2353 / 2368 / 2374 / 2375 / 2356 / 2357 / 2358 / 2359 / 2360 / 2361 / 2355 / 2372 / 2362 / 2363 / 2364 / 2365,Eismitte_1930-09-24 / Eismitte_1930-09-25 / Eismitte_1930-09-27 / Eismitte_1930-09-30 / Eismitte_1930-01-10 / Eismitte_1930-10-19 / Eismitte_1930-10-22 / Eismitte_1930-10-24 / Eismitte_1930-10-25 / Eismitte_1930-10-26 / Eismitte_1930-03-12 / Eismitte_1930-04-12 / Eismitte_1930-07-12 / Eismitte_1930-10-12 / Eismitte_1930-11-12 / Eismitte_1930-12-28 / Eismitte_1931-05-01 / Eismitte_1931-06-01 / Eismitte_1931-07-01 / Eismitte_1931-01-15 / Eismitte_1931-01-18 / Eismitte_1931-01-22 / Eismitte_1931-01-23 / Eismitte_1931-02-02 / Eismitte_1931-03-02 / Eismitte_1931-05-02 / Eismitte_1931-09-02 / Eismitte_1931-10-02 / Eismitte_1931-02-26 / Eismitte_1931-05-03 / Eismitte_1931-10-03 / Eismitte_1931-12-03 / Eismitte_1931-03-19 / Eismitte_1931-03-20 / Eismitte_1931-03-24 / Eismitte_1931-03-25 / Eismitte_1931-03-29 / Eismitte_1931-03-30 / Eismitte_1931-03-04 / Eismitte_1931-09-04 / Eismitte_1931-04-13 / Eismitte_1931-04-23 / Eismitte_1931-04-25 / Eismitte_1931-04-29,207,nan,1930-01-10,1931-12-03,0
71.18345,-40.1838,2473,Wegener_RA385_1930-08-18,208,nan,1930-08-18,1930-08-18,0
71.18363,-40.3256,2472,Wegener_RA380_1930-08-17,208,nan,1930-08-17,1930-08-17,0
71.18399,-40.6092,2471,Wegener_RA370_1930-08-17,208,nan,1930-08-17,1930-08-17,0
71.18435,-40.8928,2470,Wegener_RA360_1930-08-17,208,nan,1930-08-17,1930-08-17,0
71.184703,-41.176333,2424 / 2425 / 2469,Wegener_RA350_1930-07-28 / Wegener_RA350_1930-07-29 / Wegener_RA350_1930-08-17,208,nan,1930-07-28,1930-08-17,0
71.18488,-41.3181,2468,Wegener_RA345_1930-08-17,208,nan,1930-08-17,1930-08-17,0
71.18524,-41.6017,2467,Wegener_RA335_1930-08-16,208,nan,1930-08-16,1930-08-16,0
71.185417,-41.743467,2466,Wegener_RA330_1930-08-16,208,nan,1930-08-16,1930-08-16,0
71.185593,-41.885233,2465,Wegener_RA325_1930-08-16,208,nan,1930-08-16,1930-08-16,0
71.18577,-42.027,2464,Wegener_RA320_1930-08-16,208,nan,1930-08-16,1930-08-16,0
71.18595,-42.1688,2423,Wegener_RA315_1930-07-28,208,nan,1930-07-28,1930-07-28,0
71.18613,-42.3106,2422 / 2463,Wegener_RA310_1930-07-28 / Wegener_RA310_1930-08-16,208,nan,1930-07-28,1930-08-16,0
71.18649,-42.5942,2462,Wegener_RA300_1930-08-15,208,nan,1930-08-15,1930-08-15,0
71.186667,-42.735967,2461,Wegener_RA295_1930-08-15,208,nan,1930-08-15,1930-08-15,0
71.186843,-42.877733,2421,Wegener_RA290_1930-07-27,208,nan,1930-07-27,1930-07-27,0
71.18702,-43.0195,2420 / 2460,Wegener_RA285_1930-07-27 / Wegener_RA285_1930-08-15,208,nan,1930-07-27,1930-08-15,0
71.1872,-43.1613,2459,Wegener_RA280_1930-08-15,208,nan,1930-08-15,1930-08-15,0
71.18756,-43.4449,2419 / 2458,Wegener_RA270_1930-07-26 / Wegener_RA270_1930-08-15,208,nan,1930-07-26,1930-08-15,0
71.187737,-43.586667,2418 / 2457,Wegener_RA265_1930-07-26 / Wegener_RA265_1930-08-14,208,nan,1930-07-26,1930-08-14,0
71.187913,-43.728433,2417,Wegener_RA260_1930-07-26,208,nan,1930-07-26,1930-07-26,0
71.18809,-43.8702,2416 / 2456,Wegener_RA255_1930-07-26 / Wegener_RA255_1930-08-14,208,nan,1930-07-26,1930-08-14,0
71.18827,-44.012,2415,Wegener_RA250_1930-07-26,208,nan,1930-07-26,1930-07-26,0
71.18845,-44.1538,2414 / 2455,Wegener_RA245_1930-07-25 / Wegener_RA245_1930-08-14,208,nan,1930-07-25,1930-08-14,0
71.18863,-44.2956,2413 / 2454,Wegener_RA240_1930-07-25 / Wegener_RA240_1930-08-14,208,nan,1930-07-25,1930-08-14,0
71.18881,-44.4374,2412 / 2453,Wegener_RA235_1930-07-25 / Wegener_RA235_1930-08-13,208,nan,1930-07-25,1930-08-13,0
71.188988,-44.57918,2411 / 2452,Wegener_RA230_1930-07-25 / Wegener_RA230_1930-08-13,208,nan,1930-07-25,1930-08-13,0
71.189166,-44.72096,2410 / 2451,Wegener_RA225_1930-07-25 / Wegener_RA225_1930-08-13,208,nan,1930-07-25,1930-08-13,0
71.189344,-44.86274,2450,Wegener_RA220_1930-08-13,208,nan,1930-08-13,1930-08-13,0
71.189522,-45.00452,2409,Wegener_RA215_1930-07-24,208,nan,1930-07-24,1930-07-24,0
71.189664,-45.117944,2408,Wegener_RA211_1930-07-24,208,nan,1930-07-24,1930-07-24,0
71.1897,-45.1463,2449,Wegener_RA210_1930-08-13,208,nan,1930-08-13,1930-08-13,0
71.18988,-45.2881,2407 / 2448,Wegener_RA205_1930-07-24 / Wegener_RA205_1930-08-13,208,nan,1930-07-24,1930-08-13,0
71.19006,-45.4299,2404 / 2405 / 2478,Wegener_RA200_1930-07-23 / Wegener_RA200_1930-07-24 / Wegener_RA200_1931-08-06,208,nan,1930-07-23,1931-08-06,0
71.190413,-45.713433,2403 / 2447,Wegener_RA190_1930-07-22 / Wegener_RA190_1930-12-08,208,nan,1930-07-22,1930-12-08,0
71.19059,-45.8552,2402 / 2446,Wegener_RA185_1930-07-22 / Wegener_RA185_1930-12-08,208,nan,1930-07-22,1930-12-08,0
71.19095,-46.1388,2401,Wegener_RA175_1930-07-22,208,nan,1930-07-22,1930-07-22,0
71.19113,-46.2806,2400,Wegener_RA170_1930-07-22,208,nan,1930-07-22,1930-07-22,0
71.19131,-46.4223,2399 / 2445,Wegener_RA165_1930-07-21 / Wegener_RA165_1930-11-08,208,nan,1930-07-21,1930-11-08,0
71.191487,-46.5641,2398 / 2444,Wegener_RA160_1930-07-21 / Wegener_RA160_1930-11-08,208,nan,1930-07-21,1930-11-08,0
71.191663,-46.7059,2397 / 2443,Wegener_RA155_1930-07-21 / Wegener_RA155_1930-11-08,208,nan,1930-07-21,1930-11-08,0
71.19184,-46.8477,2396 / 2479,Wegener_RA150_1930-07-21 / Wegener_RA150_1931-12-06,208,nan,1930-07-21,1931-12-06,0
71.19202,-46.9895,2395,Wegener_RA145_1930-07-21,208,nan,1930-07-21,1930-07-21,0
71.1922,-47.1313,2394 / 2442 / 2480,Wegener_RA140_1930-07-20 / Wegener_RA140_1930-11-08 / Wegener_RA140_1931-06-14,208,nan,1930-07-20,1931-06-14,0
71.19238,-47.273,2393 / 2441,Wegener_RA135_1930-07-20 / Wegener_RA135_1930-10-08,208,nan,1930-07-20,1930-10-08,0
71.192557,-47.4148,2392 / 2440,Wegener_RA130_1930-07-20 / Wegener_RA130_1930-10-08,208,nan,1930-07-20,1930-10-08,0
71.192733,-47.5566,2391,Wegener_RA125_1930-07-20,208,nan,1930-07-20,1930-07-20,0
71.19291,-47.6984,2390 / 2406 / 2439,Wegener_RA120_1930-07-20 / Wegener_RA120_1930-07-25 / Wegener_RA120_1930-10-08,208,nan,1930-07-20,1930-10-08,0
71.19309,-47.840175,2389,Wegener_RA115_1930-07-19,208,nan,1930-07-19,1930-07-19,0
71.19327,-47.98195,2388 / 2477,Wegener_RA110_1930-07-19 / Wegener_RA110_1930-01-10,208,nan,1930-01-10,1930-07-19,0
71.19345,-48.123725,2387,Wegener_RA105_1930-07-19,208,nan,1930-07-19,1930-07-19,0
71.19363,-48.2655,2386 / 2438,Wegener_RA100_1930-07-19 / Wegener_RA100_1930-10-08,208,nan,1930-07-19,1930-10-08,0
71.19381,-48.4073,2385 / 2437,Wegener_RA95_1930-07-19 / Wegener_RA95_1930-09-08,208,nan,1930-07-19,1930-09-08,0
71.19399,-48.5491,2384 / 2436 / 2476,Wegener_RA90_1930-07-19 / Wegener_RA90_1930-09-08 / Wegener_RA90_1930-09-30,208,nan,1930-07-19,1930-09-30,0
71.19409,-48.6342,2481 / 2482,Wegener_RA87_1931-06-24 / Wegener_RA87_1931-06-25,208,nan,1931-06-24,1931-06-25,0
71.194162,-48.690909,2383,Wegener_RA85_1930-07-18,208,nan,1930-07-18,1930-07-18,0
71.194341,-48.832682,2382 / 2435,Wegener_RA80_1930-07-18 / Wegener_RA80_1930-09-08,208,nan,1930-07-18,1930-09-08,0
71.194521,-48.974455,2381 / 2434 / 2475,Wegener_RA75_1930-07-18 / Wegener_RA75_1930-09-08 / Wegener_RA75_1930-09-29,208,nan,1930-07-18,1930-09-29,0
71.1947,-49.116227,2380 / 2433,Wegener_RA70_1930-07-18 / Wegener_RA70_1930-09-08,208,nan,1930-07-18,1930-09-08,0
71.19488,-49.258,2379 / 2474,Wegener_RA65_1930-07-18 / Wegener_RA65_1930-08-24,208,nan,1930-07-18,1930-08-24,0
71.195059,-49.399786,2432,Wegener_RA60_1930-08-08,208,nan,1930-08-08,1930-08-08,0
71.19513,-49.4565,2483,Wegener_RA58_1931-09-07,208,nan,1931-09-07,1931-09-07,0
71.195413,-49.683331,2378 / 2431,Wegener_RA50_1930-07-17 / Wegener_RA50_1930-08-08,208,nan,1930-07-17,1930-08-08,0
71.19559,-49.8251,2377,Wegener_RA45_1930-07-17,208,nan,1930-07-17,1930-07-17,0
71.195769,-49.966886,2430,Wegener_RA40_1930-08-08,208,nan,1930-08-08,1930-08-08,0
71.19584,-50.0236,2484,Wegener_RA38_1931-11-07,208,nan,1931-11-07,1931-11-07,0
71.195948,-50.108685,2429,Wegener_RA35_1930-08-08,208,nan,1930-08-08,1930-08-08,0
71.196129,-50.250492,2428,Wegener_RA30_1930-08-08,208,nan,1930-08-08,1930-08-08,0
71.19631,-50.3923,2376 / 2426 / 2427,Wegener_RA25_1930-07-16 / Wegener_RA25_1930-07-08 / Wegener_RA25_1930-08-08,208,nan,1930-07-08,1930-08-08,0
71.2,-35.95,2326,T47,205,4.0,1990-01-01,1990-01-01,63
71.35,-33.483334,928,T53_1959,168,4.0,1959-06-26,1959-06-26,34
71.35,-33.483333,2327,T53,205,4.0,1990-01-01,1990-01-01,44
71.425,-39.333328,296 / 297,NA,13,8.0 / 4.0,1955-07-16,1955-07-16,102
71.492,-35.881231,2567,Site F,228,nan,1988-01-01,1988-01-01,0
71.5,-45.0,80,PARCA_7145_1998,7,4.0,1998-05-01,1998-05-01,12
71.602189,-37.864478,2030,Site 73,201,4.0,1987-01-01,1987-01-01,320
71.6022,-38.141399,621,NA,33,4.0,1987-01-01,1987-01-01,319
71.75,-40.75,2513,Eismitte,221,nan,1954-01-01,1954-01-01,0
71.759261,-35.850531,2566,Site E,228,nan,1988-01-01,1988-01-01,0
71.77,-39.599998,294 / 295,NA,13,8.0 / 4.0,1955-07-14,1955-07-16,96
71.920504,-34.040129,2028,Site 57,201,4.0,1987-01-01,1987-01-01,202
71.9206,-35.959202,622,NA,34,4.0,1987-01-01,1987-01-01,201
71.92585,-47.486465,1922 / 1923,NA,188,1.0 / 4.0,2017-05-24,2017-05-24,88
71.926,-47.487,81 / 82,PARCA_7247_1997 / NA,7,4.0 / 6.0,1997-01-01,1997-05-01,22
71.926615,-38.164637,2027,Site 51,201,4.0,1987-01-01,1987-01-01,311
71.9267,-39.8353,626,NA,38,4.0,1987-01-01,1987-01-01,310
71.9621,-24.2298,2061,APO_Quadra mining,202,6.0,2008-04-10,2009-05-09,10
72.11667,-39.933331,292 / 293,NA,13,8.0 / 4.0,1955-07-12,1955-07-12,97
72.19965,-49.40033,1924 / 1925,NA,188,1.0 / 4.0,2017-05-28,2017-05-28,73
72.2,-49.400002,83,PARCA_7249_1998,7,4.0,1998-05-01,1998-05-01,24
72.2119,-35.6675,619,NA,31,4.0,1987-01-01,1987-01-01,277
72.212042,-34.331701,2029,Site 571,201,4.0,1987-01-01,1987-01-01,278
72.23333,-32.333332,929,T61_1959,168,4.0,1959-07-28,1959-07-28,18
72.233333,-32.333333,2328,T61,205,4.0,1990-01-01,1990-01-01,62
72.25,-45.0,84,PARCA_7245_1998,7,4.0,1998-05-01,1998-05-01,14
72.2939,-37.921398,620,NA,32,4.0,1987-01-01,1987-01-01,306
72.293946,-36.078176,2026,Summit,201,4.0,1987-01-01,1987-01-01,307
72.348598,-39.786216,2024,Site 31,201,4.0,1987-01-01,1987-01-01,309
72.3486,-40.213902,624,NA,36,4.0,1987-01-01,1987-01-01,308
72.46667,-40.333328,290 / 291 / 1756,NA,13 / 184,8.0 / 4.0 / 3.0,1955-07-10,2013-05-12,122
72.48333,-30.7666,2329,T66,205,4.0,1990-01-01,1990-01-01,33
72.53529,-50.016655,1926 / 1927,NA,188,1.0 / 4.0,2017-06-01,2017-06-01,100
72.549934,-38.309067,1742 / 1743 / 1744 / 1753 / 1755,NA,182 / 183,3.0 / 4.0,2006-01-01,2008-06-20,309
72.55,-38.099998,328 / 329 / 330 / 331 / 332 / 333 / 334 / 335 / 336 / 337 / 338 / 339 / 340 / 341 / 342 / 343 / 344 / 345 / 346 / 347 / 348 / 349 / 350 / 351 / 352 / 353 / 354 / 355 / 356 / 357 / 358 / 359 / 360 / 361 / 362 / 363 / 364 / 365 / 366 / 367 / 368 / 369 / 370 / 371 / 372 / 373 / 374 / 375 / 376 / 377 / 378 / 379 / 380 / 381 / 382 / 383 / 384 / 385 / 386 / 387 / 388 / 389 / 390 / 391 / 392 / 393 / 394 / 395 / 396 / 397 / 398 / 399 / 400 / 401 / 402 / 403 / 404 / 405 / 406 / 407 / 408 / 409 / 410 / 411 / 412 / 413 / 414 / 415 / 416 / 417 / 418 / 419 / 420 / 421 / 422 / 423 / 424 / 425 / 426 / 427 / 428 / 429 / 430 / 431 / 432 / 433 / 434 / 435 / 436 / 437 / 438 / 439 / 440 / 441 / 442 / 443,NA,14,9.0,2003-08-28,2013-07-24,3828
72.566667,-37.616667,2503,GRIP,217,nan,1990-01-01,1990-01-01,0
72.57718,-38.45121,1714 / 1715 / 1716 / 1717 / 1718 / 1719 / 1720 / 1721 / 1722 / 1723 / 1724 / 1725 / 1726 / 1727 / 1728 / 1729 / 1730 / 1731 / 1732 / 1733 / 1734 / 1735 / 1736 / 1737 / 1738 / 1739 / 1740 / 1741,NA,181,3.0,2003-06-08,2004-04-28,681
72.5773,-38.43375,1745 / 1752,NA,183,3.0,2007-01-01,2008-06-08,142
72.57737,-38.469559,682,NA,46,4.0,2015-05-28,2015-05-28,41
72.57739,-38.469231,683,NA,46,4.0,2015-05-28,2015-05-28,73
72.5774,-38.46912,2714,2016_SUMMIT Pit 01,202,6.0,2016-05-15,2016-05-15,11
72.57742,-38.469551,681,NA,46,4.0,2015-05-28,2015-05-28,146
72.57744,-38.469219,684,NA,46,4.0,2015-05-28,2015-05-28,146
72.57758,-38.46907,689 / 700,NA,46,4.0,2016-05-16,2017-05-20,378
72.57922,-38.50454,2158,GC-Net,202,6.0,2015-05-24,2015-05-24,43
72.57955,-38.505466,1748 / 1754,NA,183,4.0 / 3.0,2007-01-01,2008-06-16,79
72.57958,-38.459187,545 / 546 / 547 / 548 / 549 / 557 / 558 / 559 / 560 / 561,NA,17 / 19,6.0,1987-01-01,1990-01-01,229
72.57972,-38.50454,2048 / 2153 / 2154 / 2157,GC-Net_Summit / 2016_SUMMIT Pit 01.1 - 2015 / 2016_SUMMIT Pit 01.2 - 2015 / 2016_SUMMIT Pit 01 - 2017,202,6.0,1999-05-12,2017-05-21,75
72.57978,-38.45863,1782,NA,184,3.0,2013-06-04,2013-06-04,10
72.58,-38.504,2048 / 2026,GC-Net_Summit / Summit,202,6.0,2008-05-02,2016-05-23,53
72.58,-37.64,2618,Summit_EUROCORE,245,4.0,1989-06-01,1989-06-01,202
72.58333,-37.6333,2330,T99,205,4.0,1990-01-01,1990-01-01,63
72.588,-38.457001,630,NA,40,12.0,1999-01-01,1999-01-01,1018
72.59438,-38.625019,1746 / 1747 / 1749 / 1750 / 1751,NA,183,3.0 / 4.0,2007-01-01,2007-01-01,549
72.59611,-38.42194,563 / 564 / 565 / 566 / 567 / 568 / 569 / 570 / 571 / 572 / 573 / 574 / 575 / 576 / 577 / 578 / 579 / 580 / 581 / 582 / 583 / 584 / 585 / 586 / 587 / 588 / 589 / 590 / 591 / 592 / 593,NA,21 / 22,3.0,1997-06-20,2002-07-28,1041
72.59622,-38.42197,631 / 632 / 633 / 634 / 635 / 636 / 637 / 638 / 639 / 640 / 641 / 642,NA,41 / 42,3.0 / 13.0,1990-06-20,2012-06-08,616
72.60963,-38.549801,951 / 952 / 953,NA,170,1.0 / 2.0,2010-06-26,2010-06-28,102
72.63513,-38.514919,1757,NA,184,3.0,2013-06-04,2013-06-04,20
72.6408,-35.944401,623,NA,35,4.0,1987-01-01,1987-01-01,264
72.640859,-34.055001,2025,Site 37,201,4.0,1987-01-01,1987-01-01,265
72.69529,-38.652664,95,GrIT_20100608,10,1.0,2010-06-08,2010-06-08,10
72.815,-40.75,288 / 289,NA,13,8.0 / 4.0,1955-07-08,1955-07-08,101
72.8864,-39.1567,625,NA,37,4.0,1987-01-01,1987-01-01,302
72.886408,-38.843167,2022,Site 13,201,4.0,1987-01-01,1987-01-01,303
72.94081,-38.536243,96,GrIT_20100524,10,1.0,2010-05-24,2010-05-24,9
72.981275,-36.295504,2023,Site 15,201,4.0,1987-01-01,1987-01-01,313
72.99924,-44.9967,1934 / 1935,NA,188,1.0 / 4.0,2017-06-16,2017-06-16,66
73.0,-45.0,85,PARCA_7345_1998,7,4.0,1998-05-01,1998-05-01,25
73.009766,-50.131401,1928 / 1929,NA,188,1.0 / 4.0,2017-06-08,2017-06-08,100
73.16667,-41.099998,286 / 287 / 1758,NA,13 / 184,8.0 / 4.0 / 3.0,1955-07-04,2013-05-08,132
73.32918,-42.657661,1781,NA,184,3.0,2013-06-01,2013-06-01,19
73.344,-39.723469,97,GrIT_20110520,10,4.0,2011-05-20,2011-05-20,34
73.51667,-41.416672,284 / 285,NA,13,8.0 / 4.0,1955-07-02,1955-07-02,95
73.52076,-38.638538,98,GrIT_20100524,10,1.0,2010-05-24,2010-05-24,10
73.592735,-47.197151,1932 / 1933,NA,188,1.0 / 4.0,2017-06-12,2017-06-12,71
73.6,-47.200001,86,PARCA_7347_1998,7,4.0,1998-05-01,1998-05-01,24
73.6471,-38.6772,99,GrIT_20110512,10,1.0,2011-05-12,2011-05-12,20
73.83057,-49.478359,1930 / 1931,NA,188,1.0 / 4.0,2017-06-10,2017-06-10,74
73.833,-49.495,2058,GC-Net_NASA-U,202,6.0,2008-05-02,2013-05-22,23
73.840596,-49.534175,2218 / 2818,GC-Net_NAU_2023_core / GC-Net_NAU_2023_snowpit,202,6.0,2023-06-18,2023-06-18,41
73.84072,-49.52653,2058,GC-Net_NASA-U,202,6.0,2005-05-25,2021-08-17,24
73.842,-49.498,2242,NASA-U_Henderson,7,4.0,1995-05-20,1995-05-20,150
73.87333,-41.799999,1759,NA,184,3.0,2013-05-08,2013-05-08,18
73.9402,-37.629902,612,ngt03C93.2_B16,24,11.0,1993-01-01,1993-01-01,31728
74.01818,-40.621601,100,GrIT_20110522,10,4.0,2011-05-22,2011-05-22,35
74.093636,-38.7547,101,GrIT_20100524,10,1.0,2010-05-24,2010-05-24,10
74.22167,-42.166672,280 / 281,NA,13,8.0 / 4.0,1955-06-28,1955-06-28,106
74.25,-50.5,1779,NA,184,3.0,2013-05-31,2013-05-31,1
74.42233,-39.294334,102,GrIT_20110512,10,4.0,2011-05-12,2011-05-12,40
74.507965,-41.339031,103,GrIT_20110524,10,1.0,2011-05-24,2011-05-24,20
74.59,-42.549999,278 / 279 / 1760,NA,13 / 184,8.0 / 4.0 / 3.0,1955-06-24,2013-05-10,123
74.619,-21.365,2062,APO_Stake 1,202,6.0,2008-03-31,2011-05-04,10
74.624,-21.374,2662 / 2088 / 2680 / 2105 / 2113,APO_Stake 2 / APO_ZAC-L (profile 01) / APO_ZAC-L (profile 02) / APO_ZAC-L / GlacioBasis_ZAC-L,202,6.0,2008-03-31,2018-04-21,59
74.624137,-21.37438,2822,GlacioBasis_ZAC_L,202,6.0,2023-04-21,2023-04-21,4
74.62414,-21.374235,2166,GlacioBasis_Lower Station,202,6.0,2018-04-14,2018-04-14,7
74.628,-21.37,2080,APO_Stake 3,202,6.0,2009-05-13,2009-05-13,3
74.632,-21.4,2063,APO_Stake 4,202,6.0,2008-03-31,2008-03-31,2
74.639,-21.428,2064,APO_Stake 5,202,6.0,2008-03-31,2008-03-31,2
74.6428,-21.4223,2665,APO_Stake 7,202,6.0,2008-03-31,2008-03-31,2
74.643,-21.643,2114,GlacioBasis_ZAC-U (MIDDLE AWS),202,6.0,2012-04-19,2012-04-19,6
74.643,-21.463,2081 / 2089 / 2090 / 2091 / 2092 / 2127,APO_ZAC-U / APO_ZAC-U (station 2 profile 01) / APO_ZAC-U (station 2 profile 02) / APO_ZAC-U (station 3 profile 01) / APO_ZAC-U (station 3 profile 02) / GlacioBasis_ZAC-U,202,6.0,2009-05-13,2018-04-12,60
74.643328,-21.461898,2823,GlacioBasis_ZAC_U,202,6.0,2023-04-21,2023-04-21,5
74.647534,-21.652025,2103 / 2128,APO_ZAC-A / GlacioBasis_ZAC-A,202,6.0,2011-05-04,2017-04-22,40
74.647553,-21.652033,2824,GlacioBasis_ZAC_A,202,6.0,2023-04-21,2023-04-21,5
74.654,-21.51,2065,APO_Stake 9,202,6.0,2008-04-01,2008-04-01,2
74.661,-21.553,2110,GlacioBasis_Stake 10,202,6.0,2012-04-19,2012-04-19,10
74.662,-21.595,2066,APO_Stake 12,202,6.0,2008-04-01,2008-04-01,6
74.664,-21.673,2112,GlacioBasis_Stake 15,202,6.0,2012-04-19,2012-04-19,11
74.666,-21.673,2195,GlacioBasis,202,6.0,2022-04-27,2022-04-27,6
74.675,-21.605,2111,GlacioBasis_Stake 13,202,6.0,2012-04-25,2012-04-25,12
74.87333,-41.799999,282 / 283,NA,13,8.0 / 4.0,1955-06-30,1955-06-30,107
74.933334,-42.966671,1762,NA,184,3.0,2013-05-12,2013-05-12,19
74.94167,-42.966671,276 / 277,NA,13,8.0 / 4.0,1955-06-24,1955-06-24,111
75.0,-51.0,87 / 88,PARCA_7551_1997 / NA,7,4.0 / 6.0,1997-01-01,1997-05-01,24
75.0,-30.0,89 / 2072,PARCA_NASAEASTA_1997 / GC-Net_NASA-E,7 / 202,4.0 / 6.0,1997-05-01,2013-05-28,40
75.00228,-29.98375,2072,GC-Net_NASA-E,202,6.0,2011-06-02,2011-06-02,5
75.0024,-29.9805,2188 / 2775 / 2776 / 2216 / 2217,GC-Net_NASA-E (Mast Core) / GC-Net_NASA-E (Therm Core) / GC-Net_NASA-E (Snow Pit) / GC-Net_NAE_2023_core / GC-Net_NAE_2023_snowpit,202,6.0,2022-05-26,2023-06-23,115
75.002602,-29.979023,2846 / 2847,GC-Net_NAE_snowpit_box / GC-Net_NAE_snowpit_wedge,202,6.0,2024-06-13,2024-06-13,52
75.016666,-42.533331,2488,NG2012,212,4.0,2012-06-01,2012-06-01,3388
75.09975,-42.33256,2051,GC-Net_NGRIP,202,6.0,2000-06-15,2005-05-25,16
75.0998,-42.3326,2051,GC-Net_NGRIP,202,6.0,2010-05-08,2010-05-08,13
75.1,-42.32,2589,NGRIP_1999,233,4.0,1999-07-01,1999-07-01,121
75.1293,-40.541832,104,GrIT_20110512,10,1.0,2011-05-12,2011-05-12,20
75.2504,-37.624802,613,ngt06C93.2_B17,25,11.0,1993-01-01,1993-01-01,94093
75.29667,-43.416672,274 / 275,NA,13,8.0 / 4.0,1955-06-20,1955-06-20,109
75.408035,-41.068619,105,GrIT_20100520,10,1.0,2010-05-20,2010-05-20,10
75.5,-50.5,1778,NA,184,3.0,2013-05-30,2013-05-30,19
75.5,-48.0,1780,NA,184,3.0,2013-05-31,2013-05-31,18
75.623,-35.96,2588,EastGRIP,233,4.0,2012-06-01,2012-06-01,113
75.62511,-35.979061,679,NA,46,4.0,2015-05-28,2015-05-28,78
75.62514,-35.979389,677,NA,46,4.0,2015-05-28,2015-05-28,146
75.62518,-35.978729,680,NA,46,4.0,2015-05-28,2015-05-28,20
75.62524,-35.979198,678,NA,46,4.0,2015-05-28,2015-05-28,35
75.62556,-35.978031,690 / 699,NA,46,4.0,2016-05-16,2017-05-18,356
75.62678,-35.98006,2731 / 2732 / 2156,2016_EastGRIP Pit 01.1 - 2015 / 2016_EastGRIP Pit 01.2 - 2015 / 2016_EastGRIP Pit 01 - 2017,202,6.0,2015-05-28,2017-05-18,35
75.627572,-35.968366,2844 / 2845,GC-Net_EGP_snowpit_1 / GC-Net_EGP_snowpit_2,202,6.0,2024-06-11,2024-06-17,25
75.62934,-35.985611,611,NA,23,10.0,2015-05-26,2015-05-26,15127
75.63,-36.0,2862 / 2863 / 2864,EastGRIP Main Core / EastGRIP S6 Core / EastGRIP Trench,254,4.0,2016-06-01,2018-06-12,168
75.63,-35.98,879 / 880 / 881 / 882 / 883 / 884 / 885 / 886 / 887 / 888 / 889 / 890 / 891 / 892 / 893 / 894 / 895 / 896 / 897 / 898 / 899 / 900 / 901 / 902 / 903 / 904 / 905 / 906 / 907 / 908 / 909 / 910 / 911 / 912 / 913 / 914 / 915 / 916 / 917 / 918 / 919 / 920 / 921 / 922,NA,165,10.0 / 6.0,2016-05-20,2016-05-20,861533
75.63667,-43.950001,272 / 273 / 1761,NA,13 / 184,8.0 / 4.0 / 3.0,1955-06-20,2013-05-12,127
75.70614,-36.543739,610,NA,23,10.0,2015-05-26,2015-05-26,15607
75.85845,-37.697472,609,NA,23,10.0,2015-05-24,2015-05-24,15514
75.93539,-38.469372,608,NA,23,10.0,2015-05-24,2015-05-24,15573
75.94941,-42.16061,106,GrIT_20100520,10,1.0,2010-05-20,2010-05-20,10
75.985,-44.583328,270 / 271,NA,13,8.0 / 4.0,1955-06-16,1955-06-18,97
76.0,-53.0,90,PARCA_7653B_1997,7,4.0,1997-05-01,1997-05-01,27
76.0039,-43.492001,617,ngt42C95.2_B29,29,11.0,1995-01-01,1995-01-01,102555
76.01559,-39.318729,607,NA,23,10.0,2015-05-24,2015-05-24,15308
76.10455,-40.29929,606,NA,23,10.0,2015-05-24,2015-05-24,15522
76.1777,-41.160259,605,NA,23,10.0,2015-05-24,2015-05-24,15413
76.24889,-42.05164,604,NA,23,10.0,2015-05-24,2015-05-24,15621
76.24977,-42.110668,107,GrIT_20100520,10,1.0,2010-05-20,2010-05-20,10
76.31667,-45.099998,268 / 269 / 1763,NA,13 / 184,8.0 / 4.0 / 3.0,1955-06-16,2013-05-12,114
76.32535,-43.061161,603,NA,23,10.0,2015-05-22,2015-05-22,15280
76.36667,-67.991669,173 / 174,NA,12,8.0 / 4.0,1954-05-28,1954-05-28,32
76.3678,-68.0106,2177,PROMICE_0-6_new,202,6.0,2018-05-23,2018-05-23,90
76.37117,-67.911949,1858,NA,184,3.0,2014-04-08,2014-04-08,51
76.38333,-68.0,229,NA,13,8.0,1955-05-14,1955-05-14,11
76.3902,-68.1096,2176,PROMICE_THU_U_new,202,6.0,2018-05-21,2018-05-21,14
76.39167,-67.269997,142,NA,12,8.0,1953-07-14,1953-07-14,32
76.3923,-68.1481,2173,PROMICE_T6,202,6.0,2018-05-22,2018-05-22,9
76.3955,-68.1965,2172,PROMICE_T5,202,6.0,2018-05-22,2018-05-22,8
76.3974,-68.226,2171,PROMICE_T4,202,6.0,2018-05-22,2018-05-22,7
76.3988,-68.2548,2170,PROMICE_T3,202,6.0,2018-05-26,2018-05-26,3
76.3998,-68.2666,2174,PROMICE_THU_L,202,6.0,2018-05-26,2018-05-26,5
76.40034,-44.092251,602,NA,23,10.0,2015-05-22,2015-05-22,15558
76.4006,-68.2821,2169,PROMICE_T2,202,6.0,2018-05-26,2018-05-26,6
76.40167,-67.631668,175 / 176,NA,12,8.0 / 4.0,1954-05-28,1954-05-28,28
76.40167,-67.308327,177 / 178,NA,12,8.0 / 4.0,1954-05-28,1954-05-28,35
76.4021,-68.3016,2168,PROMICE_T1,202,6.0,2018-05-26,2018-05-26,18
76.405,-67.98333,140,NA,12,8.0,1953-07-10,1953-07-10,5
76.40515,-67.306099,108 / 109,GrIT_20110424,10,1.0 / 4.0,2011-04-24,2011-04-24,27
76.405205,-67.306175,110 / 111,GrIT_20110422,10,1.0 / 4.0,2011-04-22,2011-04-22,26
76.41133,-67.815002,141,NA,12,8.0,1953-07-10,1953-07-10,18
76.41333,-68.283333,172,NA,12,8.0,1954-05-28,1954-05-28,4
76.4197,-68.1463,2175,PROMICE_THU_U,202,6.0,2018-05-25,2018-05-25,12
76.44,-66.654999,143,NA,12,8.0,1953-07-16,1953-07-16,10
76.4406,-66.861702,1859,NA,184,3.0,2014-04-08,2014-04-08,33
76.44333,-67.008331,179,NA,12,8.0,1954-05-30,1954-05-30,20
76.44334,-67.008331,112 / 113,GrIT_20110424,10,1.0 / 4.0,2011-04-24,2011-04-24,29
76.46,-66.848328,180 / 231,NA,12 / 13,8.0,1954-05-30,1955-05-16,26
76.465,-66.521667,181,NA,12,8.0,1954-05-31,1954-05-31,16
76.47733,-66.07988,114,GrIT_20110424,10,4.0,2011-04-24,2011-04-24,14
76.48278,-66.00885,1860,NA,184,3.0,2014-04-08,2014-04-08,57
76.48333,-66.916672,230,NA,13,8.0,1955-05-14,1955-05-14,5
76.499886,-43.732216,115 / 116,GrIT_20110508,10,1.0 / 4.0,2011-05-08,2011-05-08,47
76.50235,-44.84375,117,GrIT_20110524,10,4.0,2011-05-24,2011-05-24,34
76.51667,-66.383331,232,NA,13,8.0,1955-05-16,1955-05-16,19
76.51833,-66.386673,182 / 183,NA,12,8.0 / 4.0,1954-05-31,1954-05-31,30
76.52426,-44.787861,601,NA,23,10.0,2015-05-20,2015-05-20,15692
76.54444,-66.20417,144 / 145,NA,12,8.0 / 4.0,1953-07-16,1953-07-16,57
76.55833,-66.129997,184,NA,12,8.0,1954-06-01,1954-06-01,15
76.57667,-65.833328,185,NA,12,8.0,1954-06-01,1954-06-01,16
76.594,-65.556,1894,NA,184,3.0,2014-04-28,2014-04-28,47
76.60833,-65.588333,186 / 187 / 233,NA,12 / 13,8.0 / 4.0,1954-06-01,1955-05-16,62
76.61215,-65.39267,1861,NA,184,3.0,2014-04-08,2014-04-08,48
76.617,-36.403301,614,ngt14C93.2_B18,26,11.0,1993-01-01,1993-01-01,78419
76.63667,-45.700001,266 / 267,NA,13,8.0 / 4.0,1955-06-12,1955-06-12,101
76.675,-65.451668,188,NA,12,8.0,1954-06-02,1954-06-02,20
76.68056,-65.470833,146,NA,12,8.0,1953-07-18,1953-07-18,10
76.71337,-45.27375,600,NA,23,10.0,2015-05-20,2015-05-20,15802
76.71889,-65.416672,134,NA,12,8.0,1952-08-16,1952-08-16,29
76.72,-64.899002,1893,NA,184,3.0,2014-04-28,2014-04-28,56
76.72167,-65.389999,189 / 190 / 234,NA,12 / 13,8.0 / 4.0,1954-06-04,1955-05-16,123
76.73,-65.416672,147,NA,12,8.0,1953-07-18,1953-07-18,80
76.74,-66.18,191,00-20,12,8.0,1954-06-10,1954-06-10,12
76.79086,-44.235943,118,GrIT_20100518,10,1.0,2010-05-18,2010-05-18,10
76.8,-64.883331,235,NA,13,8.0,1955-05-16,1955-05-16,13
76.80109,-63.693611,1892,NA,184,3.0,2014-04-28,2014-04-28,19
76.80333,-64.889999,192 / 194 / 195 / 1771,NA,12 / 184,8.0 / 4.0 / 3.0,1954-06-16,2013-05-22,73
76.80333,-64.389,193,NA,12,8.0,1954-06-16,1954-06-16,1
76.80334,-64.889999,1862,NA,184,3.0,2014-04-08,2014-04-08,27
76.80338,-64.889748,119,GrIT_20110428,10,1.0,2011-04-28,2011-04-28,8
76.80639,-64.966667,148,NA,12,8.0,1953-07-24,1953-07-24,23
76.84788,-46.142269,599,NA,23,10.0,2015-05-20,2015-05-20,15640
76.85892,-62.902084,1891,NA,184,3.0,2014-04-28,2014-04-28,23
76.88333,-64.400002,236,NA,13,8.0,1955-05-16,1955-05-16,10
76.89,-64.396667,196 / 197,NA,12,8.0 / 4.0,1954-06-16,1954-06-16,54
76.89667,-64.388893,149,NA,12,8.0,1953-07-24,1953-07-24,19
76.8999,-60.08139,1888,NA,184,3.0,2014-04-26,2014-04-26,19
76.917,-58.882999,1887,NA,184,3.0,2014-04-24,2014-04-24,74
76.918335,-61.019085,1890,NA,184,3.0,2014-04-26,2014-04-26,19
76.92,-62.0,242 / 243 / 1772 / 1889,NA,13 / 184,8.0 / 4.0 / 3.0,1955-05-20,2014-04-26,104
76.927,-56.966,1886,NA,184,3.0,2014-04-24,2014-04-24,19
76.93487,-63.1502,120,GrIT_20110708,10,1.0,2011-07-08,2011-07-08,20
76.963,-63.900002,1863,NA,184,3.0,2014-04-12,2014-04-12,33
76.96333,-63.900002,198 / 199,NA,12,8.0 / 4.0,1954-06-16,1954-06-16,67
76.965,-46.98333,264 / 265 / 1764,NA,13 / 184,8.0 / 4.0 / 3.0,1955-06-10,2013-05-14,120
76.96667,-63.900002,237,NA,13,8.0,1955-05-18,1955-05-18,13
76.98028,-63.872219,150,NA,12,8.0,1953-07-24,1953-07-24,24
76.98195,-47.138062,598,NA,23,10.0,2015-05-20,2015-05-20,12466
76.983333,-56.066667,2570,Site 2,229,nan,1965-01-01,1965-01-01,0
76.99317,-56.007999,226 / 227 / 228,NA,12,8.0,1954-07-08,1954-08-06,161
77.0,-56.066669,254,NA,13,8.0,1955-05-28,1955-05-28,17
77.02167,-62.366669,240 / 241,NA,13,8.0 / 4.0,1955-05-20,1955-05-20,45
77.025,-56.556671,224 / 225,NA,12,8.0 / 4.0,1954-07-20,1954-07-20,92
77.02778,-56.650002,163,NA,12,8.0,1953-08-10,1953-08-10,28
77.03333,-56.549999,253,NA,13,8.0,1955-05-26,1955-05-26,18
77.03333,-54.51667,255 / 256,NA,13,8.0 / 4.0,1955-05-30,1955-05-30,78
77.041664,-54.516666,1783 / 1784 / 1785 / 1786 / 1787 / 1788 / 1789 / 1790 / 1791 / 1792 / 1793 / 1794 / 1795 / 1796 / 1797 / 1798 / 1799 / 1800 / 1801 / 1802 / 1803 / 1804 / 1805 / 1806 / 1807 / 1808 / 1809 / 1810 / 1811 / 1812 / 1813 / 1814 / 1815 / 1816 / 1817 / 1818 / 1819 / 1820 / 1821 / 1822 / 1823 / 1824 / 1825 / 1826 / 1827 / 1828 / 1829 / 1830 / 1831 / 1832 / 1833 / 1834 / 1835 / 1836 / 1837 / 1838 / 1839 / 1840 / 1841 / 1842 / 1843 / 1844 / 1845 / 1846 / 1847 / 1848 / 1849 / 1850 / 1851 / 1852 / 1853 / 1854 / 1855 / 1856 / 1857 / 1882,NA,184,3.0,2014-04-22,2014-04-24,130
77.04167,-54.51667,1767,NA,184,3.0,2013-05-18,2013-05-18,19
77.04682,-53.545166,1881,NA,184,3.0,2014-04-22,2014-04-22,19
77.04833,-63.388329,200 / 201 / 202,NA,12,8.0 / 4.0,1954-06-18,1954-08-18,71
77.05,-63.383331,238,NA,13,8.0,1955-05-18,1955-05-18,9
77.05,-52.916672,257 / 258,NA,13,8.0 / 4.0,1955-05-31,1955-05-31,85
77.05,-51.333328,259,NA,13,8.0,1955-06-02,1955-06-02,88
77.05666,-51.333332,1879,NA,184,3.0,2014-04-20,2014-04-20,50
77.05667,-51.333328,1766,NA,184,3.0,2013-05-16,2013-05-16,19
77.05739,-52.422165,1880,NA,184,3.0,2014-04-22,2014-04-22,19
77.05833,-57.196671,222 / 223,NA,12,8.0 / 4.0,1954-07-20,1954-07-20,90
77.05833,-49.599998,1765,NA,184,3.0,2013-05-16,2013-05-16,19
77.06667,-64.599998,137,NA,12,8.0,1952-08-28,1952-08-28,12
77.06667,-63.37167,151,NA,12,8.0,1953-07-26,1953-07-26,23
77.06667,-57.200001,252,NA,13,8.0,1955-05-26,1955-05-26,18
77.06667,-54.75,138,NA,12,8.0,1952-08-30,1952-08-30,36
77.06667,-49.599998,260 / 261,NA,13,8.0 / 4.0,1955-06-04,1955-06-04,100
77.06667,-48.01667,262 / 263,NA,13,8.0 / 4.0,1955-06-08,1955-06-08,111
77.06833,-57.248611,162,NA,12,8.0,1953-08-08,1953-08-08,29
77.07047,-55.729362,1883,NA,184,3.0,2014-04-24,2014-04-24,21
77.08911,-56.860306,1884,NA,184,3.0,2014-04-24,2014-04-24,20
77.09333,-57.818333,1885,NA,184,3.0,2014-04-24,2014-04-24,70
77.09333,-57.818329,220 / 221 / 1769,NA,12 / 184,8.0 / 4.0 / 3.0,1954-07-16,2013-05-20,187
77.1,-57.816669,251,NA,13,8.0,1955-05-24,1955-05-24,29
77.10722,-56.275829,164,NA,12,8.0,1953-08-10,1953-08-10,31
77.109695,-63.925446,1864,NA,184,3.0,2014-04-12,2014-04-12,9
77.11111,-57.849998,161,NA,12,8.0,1953-08-08,1953-08-08,28
77.1201,-48.170872,597,NA,23,10.0,2015-05-20,2015-05-20,13225
77.12833,-58.445,218 / 219,NA,12,8.0 / 4.0,1954-07-12,1954-07-12,110
77.13333,-58.433331,250,NA,13,8.0,1955-05-24,1955-05-24,26
77.13367,-61.043617,121,GrIT_20110530,10,1.0,2011-05-30,2011-05-30,13
77.13418,-61.043427,122,GrIT_20110428,10,1.0,2011-04-28,2011-04-28,10
77.13781,-61.04113,2046 / 2647,GC-Net_GITS (Pit 01 - 1999) / GC-Net_GITS (Pit 02 - 1999),202,6.0,1999-04-29,1999-05-03,50
77.1425,-58.445831,160,NA,12,8.0,1953-08-08,1953-08-08,32
77.143,-61.095,2233 / 2234 / 2235 / 2068,GITS_core_1_1996 / GITS_core_2_1996 / GITS_pit_1996 / GC-Net_GITS,7 / 202,4.0 / 6.0,1996-05-10,2013-05-28,193
77.14333,-62.89333,203 / 204,NA,12,8.0 / 4.0,1954-06-20,1954-06-20,56
77.14722,-59.097221,158 / 159,NA,12,8.0 / 4.0,1953-08-04,1953-08-06,100
77.15,-62.900002,239 / 1770 / 1867,NA,13 / 184,8.0 / 3.0,1955-05-20,2014-04-12,65
77.15,-59.099998,249,NA,13,8.0,1955-05-24,1955-05-24,24
77.15167,-59.091671,216 / 217,NA,12,8.0 / 4.0,1954-07-08,1954-07-10,113
77.15194,-62.863892,152,NA,12,8.0,1953-07-26,1953-07-26,24
77.16667,-57.916672,136,NA,12,8.0,1952-08-24,1952-08-24,22
77.1714,-61.0778,2602,Camp Century (Core B62),237,4.0,2017-07-28,2017-07-28,562
77.17194,-59.741669,157,NA,12,8.0,1953-08-04,1953-08-04,25
77.17667,-59.741669,214 / 215,NA,12,8.0 / 4.0,1954-07-04,1954-07-04,98
77.18,-60.389999,1871,NA,184,3.0,2014-04-16,2014-04-16,30
77.181902,-61.115487,2193 / 2788 / 2213,GC-Net_CEN2 (Therm Core) / GC-Net_CEN2 (Snow Pit) / GC-Net_CEN_2023_snowpit,202,6.0,2022-06-17,2023-06-29,75
77.181948,-61.11582,2838 / 2839,GC-Net_CEN_core / GC-Net_CEN_snowpit,202,6.0,2024-05-15,2024-05-15,53
77.18333,-60.716671,550,NA,18,6.0,1988-05-02,1988-05-02,21
77.18333,-60.400002,247,NA,13,8.0,1955-05-24,1955-05-24,23
77.18333,-60.39333,211 / 212 / 213,NA,12,8.0 / 4.0,1954-07-04,1954-07-04,157
77.18333,-59.73333,248,NA,13,8.0,1955-05-24,1955-05-24,27
77.183333,-61.166667,2500,Camp Century,214,nan,1963-01-01,1963-01-01,0
77.18689,-63.307667,1865,NA,184,3.0,2014-04-12,2014-04-12,9
77.18889,-55.750561,165,NA,12,8.0,1953-08-12,1953-08-12,35
77.19667,-60.388889,156,NA,12,8.0,1953-08-04,1953-08-04,24
77.2,-59.200001,551,NA,18,6.0,1988-05-08,1988-05-08,20
77.21667,-61.021671,209 / 210 / 1768,NA,12 / 184,8.0 / 4.0 / 3.0,1954-06-26,2013-05-20,125
77.21667,-61.01667,246,NA,13,8.0,1955-05-24,1955-05-24,21
77.21944,-61.038059,155,NA,12,8.0,1953-08-02,1953-08-02,25
77.22083,-61.541672,154,NA,12,8.0,1953-08-02,1953-08-02,27
77.22556,-52.777779,166,NA,12,8.0,1953-08-14,1953-08-14,28
77.23333,-61.666672,245,NA,13,8.0,1955-05-22,1955-05-22,11
77.235,-61.671669,207 / 208,NA,12,8.0 / 4.0,1954-06-24,1954-06-24,74
77.23611,-62.328892,153,NA,12,8.0,1953-07-28,1953-07-28,75
77.23833,-62.328331,205 / 206 / 244,NA,12 / 13,8.0 / 4.0,1954-06-20,1955-05-20,171
77.25,-60.5,139,NA,12,8.0,1952-08-24,1952-08-24,16
77.2533,-49.216702,616,ngt37C95.2_B26,28,11.0,1995-01-01,1995-01-01,105990
77.25429,-49.23077,596,NA,23,10.0,2015-05-20,2015-05-20,15506
77.25694,-52.511669,167,NA,12,8.0,1953-08-14,1953-08-14,29
77.2648,-58.528416,123,GrIT_20110430,10,4.0,2011-04-30,2011-04-30,35
77.28,-51.222778,168,NA,12,8.0,1953-08-16,1953-08-16,32
77.3,-49.939999,169 / 170 / 171,NA,12,8.0 / 4.0,1953-08-16,1953-08-18,120
77.30409,-46.498451,124,GrIT_20100516,10,1.0,2010-05-16,2010-05-16,10
77.30545,-51.172401,1878,NA,184,3.0,2014-04-20,2014-04-20,19
77.30833,-62.416672,135,NA,12,8.0,1952-08-20,1952-08-20,28
77.32436,-62.15361,1866,NA,184,3.0,2014-04-12,2014-04-12,19
77.33828,-59.688416,1868,NA,184,3.0,2014-04-16,2014-04-16,9
77.34962,-46.821033,125,GrIT_20110524,10,1.0,2011-05-24,2011-05-24,13
77.35958,-47.146584,126,GrIT_20110508,10,1.0,2011-05-08,2011-05-08,15
77.3669,-50.110001,595,NA,23,10.0,2015-05-18,2015-05-18,15490
77.370735,-55.926983,127,GrIT_20110528,10,4.0,2011-05-28,2011-05-28,42
77.41343,-54.615868,128 / 129,GrIT_20110504,10,1.0 / 4.0,2011-05-04,2011-05-04,32
77.414566,-49.021435,130,GrIT_20110526,10,1.0,2011-05-26,2011-05-26,16
77.44,-51.08,2121,GC-Net_NEEM,202,6.0,2013-05-26,2013-05-26,5
77.44128,-51.09994,2121,GC-Net_NEEM,202,6.0,2021-08-13,2021-08-13,12
77.441387,-51.083486,2190 / 2781,GC-Net_NEEM (5m Core) / GC-Net_NEEM (Snow Pit),202,6.0,2022-06-20,2022-06-20,25
77.441443,-51.084108,2842 / 2843,GC-Net_NEM_core / GC-Net_NEM_snowpit,202,6.0,2024-05-16,2024-05-16,55
77.44433,-51.069141,594,NA,23,10.0,2015-05-16,2015-05-16,15513
77.4492,-50.539516,131,GrIT_20110506,10,4.0,2011-05-06,2011-05-06,28
77.45,-51.060001,1777 / 1877,NA,184,3.0,2013-05-28,2014-04-20,34
77.45,-51.06,133 / 2485 / 2486 / 2487,NEEM2009S2_Baker / NEEM07S3 / NEEM2011S1 / 2009S2_Keegan,11 / 209 / 210 / 211,4.0,2007-06-01,2011-06-01,1087
77.4558,-49.886066,132,GrIT_20100516,10,1.0,2010-05-16,2010-05-16,10
77.502,-53.448002,1875,NA,184,3.0,2014-04-18,2014-04-18,42
77.521385,-61.438831,1869,NA,184,3.0,2014-04-12,2014-04-12,19
77.53336,-58.82135,1874,NA,184,3.0,2014-04-16,2014-04-16,28
77.53603,-61.355167,1870,NA,184,3.0,2014-04-14,2014-04-14,38
77.53751,-56.723667,1876,NA,184,3.0,2014-04-16,2014-04-16,32
77.659775,-55.3825,1873,NA,184,3.0,2014-04-18,2014-04-18,19
77.74497,-57.499527,1872,NA,184,3.0,2014-04-16,2014-04-16,19
77.95,-39.183333,2514,Inge Lehmann,222,nan,1973-01-01,1973-01-01,0
77.959,-34.013,2232 / 2035,Tunu-S7.5 / Tunu-N_PIT_S,7 / 202,4.0 / 6.0,1996-05-01,1996-05-27,30
77.978,-31.863,2229 / 2032,Tunu-E50 / Tunu-N_PIT_E50,7 / 202,4.0 / 6.0,1996-05-01,1996-05-27,31
77.9814,-37.704201,618,NA,30,4.0,1987-01-01,1987-01-01,312
78.0,-58.0,1773,NA,184,3.0,2013-05-24,2013-05-24,20
78.0,-36.23,2012,ngt19C.0_B19,200,5.0,1994-01-01,1994-01-01,995
78.0,-32.927,2228 / 2031,Tunu-E25 / Tunu-N_PIT_E25,7 / 202,4.0 / 6.0,1996-05-01,1996-05-27,32
78.0167,-33.994,2070,GC-Net_Tunu-N,202,6.0,2008-04-30,2013-05-28,7
78.017,-33.994,2224 / 2225 / 2038,Tunu-N_main / Tunu-1 / Tunu-N_PIT_T-1,7 / 202,4.0 / 6.0,1996-05-01,1996-05-27,118
78.0191,-33.9628,2189 / 2778 / 2779 / 2219 / 2220,GC-Net_Tunu-N (Mast Core) / GC-Net_Tunu-N (Therm Core) / GC-Net_Tunu-N (Snow Pit) / GC-Net_TUN_2023_snowpit / GC-Net_TUN_2023_core,202,6.0,2022-05-27,2023-06-20,103
78.019333,-33.960973,2848,GC-Net_TUN_snowpit,202,6.0,2024-06-16,2024-06-16,13
78.03,-35.064,2230 / 2036,Tunu-W25 / Tunu-N_PIT_W25,7 / 202,4.0 / 6.0,1996-05-01,1996-05-27,32
78.039,-36.136,2231 / 2037,Tunu-W50 / Tunu-N_PIT_W50,7 / 202,4.0 / 6.0,1996-05-01,1996-05-27,30
78.051881,-67.6279,1971,NA,195,3.0,2018-04-11,2018-04-11,39
78.086197,-69.829644,1969,NA,195,3.0,2018-04-08,2018-04-08,33
78.088569,-68.749694,1970,NA,195,3.0,2018-04-09,2018-04-09,14
78.105056,-68.957969,1972,NA,195,3.0,2018-04-15,2018-04-15,18
78.315,-56.826,2240,Humboldt-S,7,4.0,1995-05-01,1995-05-01,22
78.33,-33.888,2226 / 2033,Tunu-N25 / Tunu-N_PIT_N25,7 / 202,4.0 / 6.0,1996-05-01,1996-05-27,30
78.452,-57.958,2241,Humboldt-W,7,4.0,1995-05-01,1995-05-01,22
78.464,-33.841,2227 / 2034,Tunu-N50 / Tunu-N_PIT_N50,7 / 202,4.0 / 6.0,1996-05-01,1996-05-27,30
78.5,-50.0,1776,NA,184,3.0,2013-05-28,2013-05-28,19
78.527,-56.831,2069 / 2047,GC-Net_Humbolt / GC-Net_Humboldt,202,6.0,2008-04-29,2013-05-26,25
78.527,-56.83,2236 / 2237,Humboldt-M / Humboldt-M2,7,4.0,1995-05-01,1995-05-01,152
78.528,-56.842,2194 / 2790 / 2221,GC-Net_Humboldt (Snow Pit) / GC-Net_Humboldt (Therm Core) / GC-Net_HUM_2023_snowpit,202,6.0,2022-06-19,2023-06-30,65
78.52833,-56.84233,2047,GC-Net_Humboldt,202,6.0,1999-05-04,1999-05-04,15
78.529042,-56.845198,2840 / 2841,GC-Net_HUM_core / GC-Net_HUM_snowpit,202,6.0,2024-05-21,2024-05-21,59
78.598,-55.699,2238,Humboldt-E,7,4.0,1995-05-01,1995-05-01,21
78.751,-56.83,2239,Humboldt-N,7,4.0,1995-05-01,1995-05-01,22
79.41667,-55.0,1774,NA,184,3.0,2013-05-26,2013-05-26,19
79.8349,-25.1626,2187,GC-Net_KPC-U,202,6.0,2022-05-28,2022-05-28,6
80.0,-58.0,2098,GC-Net_Petermann ELA,202,6.0,2010-05-07,2013-05-26,4
80.0,-50.0,1775,NA,184,3.0,2013-05-28,2013-05-28,19
80.0,-41.137402,615,ngt27C94.2_B21,27,11.0,1994-01-01,1994-01-01,73869
80.0839,-58.0672,2067,GC-Net_Petermann,202,6.0,2008-04-28,2008-04-28,5
80.09925,-58.14969,2098,GC-Net_Petermann ELA,202,6.0,2011-06-01,2011-06-01,5
